1010974,129925,6500,6500, 36 months,7.90%,203.39,CPS Energy,3 years,RENT,75000,Source Verified,10/14/2021,Fully Paid
1010776,129968,14950,14950, 36 months,6.62%,459.02,"Clickable, Inc.",3 years,RENT,165000,Source Verified,2/6/2022,Fully Paid
1008184,129976,24000,24000, 60 months,17.58%,603.98,Sarasota memorial hospital,10+ years,MORTGAGE,110000,Source Verified,3/22/2022,Charged Off
1003727,130664,9250,9250, 60 months,17.27%,231.24,GULFSTREAM CAFE,2 years,RENT,22000,Verified,3/30/2022,Fully Paid
1009591,130672,4500,4500, 36 months,14.27%,154.4,Bouchon,2 years,RENT,35000,Not Verified,2/27/2022,Fully Paid
1010750,131199,6000,6000, 36 months,12.42%,200.5,Splice,2 years,RENT,40000,Not Verified,5/18/2022,Fully Paid
1010121,131202,12375,12375, 60 months,13.49%,284.69,Bride Brook,< 1 year,RENT,42000,Verified,7/10/2021,Current
1010721,131218,12250,12250, 60 months,14.27%,286.76,City of Virginia Beach,6 years,MORTGAGE,55000,Source Verified,5/3/2022,Fully Paid
1010723,131229,35000,35000, 60 months,19.03%,908.5,OCEAN COUNTY PROSECUTORS OFFICE,6 years,OWN,400000,Verified,8/11/2021,Fully Paid
1010526,131237,7200,7200, 36 months,11.71%,238.15,cappachinos,5 years,RENT,45000,Not Verified,6/3/2022,Charged Off
1010496,131245,3000,3000, 36 months,14.65%,103.49,i.l.a,3 years,RENT,36000,Source Verified,7/22/2021,Charged Off
1010493,131911,35000,35000, 60 months,21.67%,960.11,Triple Canopy,3 years,MORTGAGE,270000,Verified,11/5/2021,Charged Off
1010411,131927,24000,24000, 36 months,7.90%,750.97,The Segal Company,10+ years,RENT,65000,Verified,6/18/2022,Fully Paid
988332,131938,9000,9000, 36 months,12.42%,300.74,"Tomblin Farmer & Morris, PLLC",3 years,RENT,65000,Not Verified,3/27/2022,Fully Paid
1010686,131946,18000,18000, 36 months,14.65%,620.9,WABC-TV,4 years,MORTGAGE,140000,Verified,8/2/2021,Fully Paid
1010499,131954,15000,15000, 36 months,8.90%,476.3,Brown Brothers Harriman & Co.,1 year,RENT,40000,Source Verified,9/6/2021,Fully Paid
1010474,131962,18000,18000, 36 months,9.91%,580.05,Northwestern Mem Hospital,10+ years,MORTGAGE,90000,Not Verified,8/23/2021,Fully Paid
1010662,131978,5000,5000, 36 months,12.69%,167.73,,10+ years,MORTGAGE,72000,Not Verified,7/9/2021,Fully Paid
1010658,131997,7000,7000, 36 months,7.51%,217.78,American Public Media,3 years,RENT,50026,Not Verified,9/12/2021,Fully Paid
1010646,132397,21250,21250, 60 months,17.27%,531.21,Mimeo,< 1 year,RENT,40000,Verified,4/24/2022,Fully Paid
1010645,132403,22400,22400, 60 months,11.71%,495,USAF,10+ years,MORTGAGE,106000,Verified,7/1/2021,Current
1009419,132411,8500,8500, 36 months,6.62%,260.99,BMO Harris Bank,6 years,MORTGAGE,86706,Not Verified,4/5/2022,Fully Paid
1010629,132427,15000,15000, 36 months,6.03%,456.54,SkyBuilt Power,2 years,MORTGAGE,86000,Verified,10/2/2021,Fully Paid
1010440,132438,14800,14800, 60 months,12.69%,334.41,Art Institute of Chicago,3 years,MORTGAGE,38000,Not Verified,9/8/2021,Fully Paid
1000799,132446,12000,12000, 60 months,14.65%,283.28,Articulate,7 years,RENT,63000,Verified,1/29/2022,Fully Paid
1010606,132454,16000,16000, 60 months,11.71%,353.58,,n/a,RENT,80896.8,Verified,9/22/2021,Fully Paid
1010419,132462,6000,6000, 36 months,16.29%,211.81,Walgreens Help Center,5 years,RENT,39564,Verified,4/17/2022,Charged Off
1010410,132478,2400,2400, 36 months,11.71%,79.39,Grady health system,5 years,RENT,39800,Not Verified,5/10/2022,Fully Paid
1010390,132489,25000,25000, 60 months,18.25%,638.25,Epiphany Management Consulting,7 years,MORTGAGE,156000,Source Verified,4/19/2022,Current
1009474,132497,20000,20000, 36 months,11.71%,661.52,Kimley-Horn and Associates,7 years,RENT,80700,Verified,3/22/2022,Fully Paid
1009147,132508,12000,12000, 60 months,18.25%,306.36,Snyder County,6 years,MORTGAGE,34000,Not Verified,1/29/2022,Charged Off
878883,132519,12000,12000, 36 months,13.49%,407.17,Modis,< 1 year,RENT,125000,Source Verified,9/19/2021,Fully Paid
1005982,132527,15000,15000, 36 months,12.42%,501.23,OMNI BERKSHIRE PLACE HOTEL,7 years,RENT,72000,Verified,9/1/2021,Fully Paid
1010159,132535,12000,12000, 36 months,6.03%,365.23,Sanroc Cay Marina,8 years,OWN,48000,Not Verified,2/22/2022,Fully Paid
1000095,132543,15000,15000, 60 months,15.96%,364.46,Albertsons,10+ years,RENT,50000,Verified,11/7/2021,Charged Off
1010321,132551,15000,15000, 60 months,15.27%,358.98,Pennsylvania College of Technology,6 years,MORTGAGE,32976,Not Verified,8/4/2021,Charged Off
868543,132567,18825,18825, 60 months,11.71%,416,"Professional Properties Management, Inc.",3 years,MORTGAGE,60000,Verified,4/18/2022,Fully Paid
1010143,132578,1500,1500, 36 months,11.71%,49.62,Drugstore.com,1 year,RENT,21600,Not Verified,3/5/2022,Charged Off
1010303,132586,28000,28000, 36 months,9.91%,902.3,rmc,6 years,OWN,110000,Verified,2/8/2022,Fully Paid
1010293,132594,13200,13200, 36 months,16.77%,469.11,U.S Army,7 years,MORTGAGE,49000,Verified,11/11/2021,Fully Paid
1008590,132608,4800,4800, 36 months,11.71%,158.77,Good Samaritan Hospital,10+ years,OWN,105000,Not Verified,3/24/2022,Fully Paid
1010287,132616,12000,12000, 36 months,9.91%,386.7,Citibank-Private Banking,10+ years,MORTGAGE,125000,Verified,2/8/2022,Fully Paid
1010124,132624,1500,1500, 36 months,9.91%,48.34,Extended StayHotels,10+ years,RENT,48000,Source Verified,8/29/2021,Fully Paid
1010277,132632,30000,30000, 60 months,22.06%,829.6,Nassau Extended Care Center,10+ years,RENT,90000,Verified,3/5/2022,Charged Off
926571,132659,15000,15000, 60 months,12.42%,336.86,United States Postal Service,8 years,RENT,36000,Source Verified,9/29/2021,Current
1008388,132667,16000,16000, 36 months,7.90%,500.65,Southview Cardiovascular Associates,3 years,MORTGAGE,480000,Source Verified,1/17/2022,Fully Paid
1010101,132675,1000,1000, 36 months,12.42%,33.42,Lanier Village Estates,7 years,MORTGAGE,36000,Not Verified,1/31/2022,Fully Paid
1004102,132683,5250,5250, 36 months,7.51%,163.34,The Bank of New York Mellon,3 years,MORTGAGE,36000,Verified,12/15/2021,Fully Paid
1010269,132691,1500,1500, 36 months,6.03%,45.66,Vogel Plumbing,2 years,MORTGAGE,60000,Not Verified,7/11/2021,Fully Paid
1010097,132705,12000,12000, 60 months,15.96%,291.57,State of Hawaii,5 years,RENT,48744,Verified,10/5/2021,Charged Off
1009946,132713,13000,13000, 60 months,13.49%,299.07,Lececke Corporation,4 years,MORTGAGE,66000,Source Verified,1/14/2022,Fully Paid
1010083,132721,2400,2400, 36 months,11.71%,79.39,,n/a,RENT,15648,Not Verified,8/27/2021,Fully Paid
1010077,132748,14000,14000, 36 months,11.71%,463.07,Premier Security Services,6 years,OWN,45760,Source Verified,5/18/2022,Charged Off
1001931,132756,14800,14800, 60 months,17.58%,372.45,Zenger Folkman Company,8 years,RENT,99996,Source Verified,10/2/2021,Fully Paid
1010037,132764,15000,15000, 36 months,11.71%,496.14,N. C. DEPARTMENT OF CORRECTIONS,< 1 year,RENT,36021.96,Source Verified,12/17/2021,Charged Off
1010000,132772,8250,8250, 36 months,7.51%,256.67,Cablevision,7 years,RENT,48000,Verified,1/12/2022,Fully Paid
857062,132788,7450,7450, 36 months,12.69%,249.91,HUB International Insurance Services,1 year,MORTGAGE,95000,Source Verified,7/19/2021,Fully Paid
1004695,132802,22000,22000, 36 months,7.51%,684.44,Swiss Re Holding,10+ years,MORTGAGE,115000,Verified,6/22/2022,Fully Paid
1010187,132818,3250,3250, 36 months,13.49%,110.28,Applebees,10+ years,MORTGAGE,55000,Source Verified,11/8/2021,Fully Paid
1010206,132829,10000,10000, 36 months,10.65%,325.74,Pfizer,1 year,RENT,122500,Verified,7/1/2021,Fully Paid
1010193,132837,4900,4900, 36 months,15.27%,170.51,Better Health Care ,2 years,MORTGAGE,80000,Not Verified,8/16/2021,Fully Paid
1010204,132845,35000,35000, 60 months,11.71%,773.44,US Department of Labor,10+ years,MORTGAGE,110000,Verified,4/12/2022,Charged Off
1010003,132861,9500,9500, 36 months,14.65%,327.7,costco wholesales,10+ years,RENT,54000,Verified,7/4/2022,Fully Paid
1010170,132877,3800,3800, 36 months,7.51%,118.23,Five Guys,< 1 year,MORTGAGE,47000,Source Verified,9/5/2021,Charged Off
1010030,132888,12400,12400, 60 months,22.06%,342.9,carmelo policaro construction,9 years,OWN,65004,Source Verified,8/3/2021,Charged Off
1010191,132896,4000,4000, 60 months,17.27%,100,Tax Return Center,4 years,RENT,45000,Source Verified,7/19/2021,Charged Off
1003720,132907,7500,7500, 36 months,6.03%,228.27,HBO,1 year,RENT,210000,Source Verified,11/29/2021,Fully Paid
1010166,132918,12000,12000, 36 months,7.51%,373.33,Favour Moore & Wilhelmsen,10+ years,RENT,120000,Not Verified,1/5/2022,Fully Paid
989290,132926,18000,18000, 60 months,11.71%,397.77,usps,10+ years,RENT,59000,Verified,7/4/2021,Fully Paid
1009960,132934,8875,8875, 36 months,10.65%,289.09,Costco,6 years,MORTGAGE,40000,Verified,9/4/2021,Charged Off
1010015,132958,30000,30000, 60 months,15.96%,728.91,Linkshare Corporation,10+ years,RENT,135000,Verified,1/3/2022,Fully Paid
1009939,132969,24625,24625, 60 months,22.06%,680.96,U.S. Navy,7 years,MORTGAGE,69600,Verified,7/8/2021,Fully Paid
1010011,132977,5000,5000, 36 months,6.03%,152.18,,n/a,OWN,25000,Verified,11/4/2021,Fully Paid
985909,132985,12000,12000, 60 months,19.91%,317.33,Helmet Hairworx,4 years,RENT,36000,Source Verified,10/12/2021,Fully Paid
1009979,132993,6000,6000, 36 months,7.90%,187.75,,n/a,MORTGAGE,66000,Source Verified,2/12/2022,Fully Paid
1009981,133008,10000,10000, 36 months,7.90%,312.91,"Triple A Containers, Inc.",10+ years,MORTGAGE,80000,Not Verified,3/7/2022,Fully Paid
981005,133019,18200,18200, 36 months,9.91%,586.5,With A Little Help,2 years,RENT,36400,Verified,3/26/2022,Fully Paid
1009751,133027,12000,12000, 36 months,11.71%,396.92,Department of Veteran Affairs,3 years,MORTGAGE,71201,Source Verified,12/11/2021,Fully Paid
1008763,133035,6250,6250, 36 months,12.69%,209.66,State of Alabama,10+ years,MORTGAGE,36000,Verified,5/6/2022,Fully Paid
1008224,133043,3600,3600, 36 months,7.90%,112.65,Burleson ISD,8 years,MORTGAGE,52800,Source Verified,11/8/2021,Fully Paid
1009747,133051,17900,17900, 36 months,7.90%,560.1,CNHI ,< 1 year,RENT,65000,Verified,7/13/2021,Fully Paid
1009737,133067,18000,18000, 60 months,19.03%,467.23,ZIMFA INC,4 years,RENT,36000,Verified,11/9/2021,Charged Off
1009833,133078,8000,8000, 36 months,6.03%,243.49,Orly International,1 year,RENT,42682,Not Verified,2/12/2022,Fully Paid
1009699,133086,30000,30000, 60 months,20.30%,799.84,HME Construction Inc,< 1 year,RENT,80000,Verified,1/20/2022,Charged Off
1009540,133094,7125,7125, 36 months,7.90%,222.95,Arthur J Gallagher,1 year,MORTGAGE,36000,Source Verified,7/28/2021,Fully Paid
763009,133108,6400,6400, 36 months,7.51%,199.11,Xerox,1 year,RENT,31200,Source Verified,11/27/2021,Fully Paid
1009796,133116,17400,17400, 36 months,11.71%,575.53,Princeton Consultants,5 years,RENT,133000,Source Verified,2/2/2022,Fully Paid
988006,133124,6000,6000, 36 months,10.65%,195.44,Blue Shield of California,4 years,RENT,108000,Not Verified,10/23/2021,Fully Paid
1009799,133159,16000,16000, 60 months,12.42%,359.32,Alliance Data Systems,10+ years,RENT,118000,Verified,4/11/2022,Fully Paid
1008870,133167,20000,20000, 60 months,12.69%,451.9,American Lake Credit Union,2 years,RENT,52538,Source Verified,1/2/2022,Charged Off
1009673,133175,14000,14000, 36 months,8.90%,444.55,CA Technologies,5 years,MORTGAGE,187000,Not Verified,4/15/2022,Fully Paid
1009664,133183,35000,35000, 60 months,17.27%,874.93,Ohio Farmers Insurance Company,6 years,MORTGAGE,122000,Verified,6/14/2022,Fully Paid
1007212,133191,7000,7000, 36 months,12.69%,234.82,Roseville Toyota,2 years,MORTGAGE,84000,Not Verified,12/18/2021,Fully Paid
1009772,133205,9000,9000, 36 months,16.77%,319.85,Allina Health Systems,4 years,MORTGAGE,61000,Verified,9/17/2021,Fully Paid
1003986,133213,10000,10000, 36 months,15.27%,347.98,Aqua Sun Lawn and Landscaping,5 years,RENT,50000,Not Verified,3/23/2022,Charged Off
1009763,133221,5500,5500, 36 months,8.90%,174.65,Allied Refrigeration,< 1 year,RENT,30000,Source Verified,2/14/2022,Fully Paid
1001786,133237,5000,5000, 36 months,8.90%,158.77,National research council,< 1 year,RENT,76000,Source Verified,5/1/2022,Fully Paid
1009553,133248,11000,11000, 36 months,9.91%,354.48,"Powers Friedman Linn, PLL",10+ years,RENT,60000,Source Verified,7/1/2022,Fully Paid
942739,133256,22000,22000, 60 months,22.06%,608.37,Village of Mt pleasant,10+ years,MORTGAGE,78000,Verified,10/30/2021,Charged Off
1009531,133264,34000,34000, 60 months,11.71%,751.34,Fannin Regional Hospital,10+ years,MORTGAGE,65000,Verified,3/14/2022,Fully Paid
1009533,133272,15000,15000, 36 months,13.49%,508.96,MVP sales,10+ years,MORTGAGE,112000,Source Verified,5/19/2022,Fully Paid
1009187,133288,12000,12000, 60 months,7.90%,242.75,Catholic Order of Foresters,10+ years,MORTGAGE,50000,Not Verified,7/8/2021,Fully Paid
1009510,133299,12075,12075, 36 months,12.42%,403.49,RIM,3 years,RENT,170000,Source Verified,2/12/2022,Fully Paid
1009606,133302,6725,6725, 36 months,6.62%,206.49,whiting-turner contracting co.,8 years,RENT,70000,Source Verified,7/5/2022,Fully Paid
1009595,133318,15000,15000, 36 months,6.03%,456.54,Mt. Zion Baptist Church,6 years,MORTGAGE,43000,Not Verified,11/1/2021,Fully Paid
1009569,133337,18000,18000, 60 months,15.96%,437.35,Bob Barker Company,6 years,RENT,59000,Verified,11/3/2021,Charged Off
1009563,133345,10000,10000, 36 months,6.03%,304.36,Cape Fear Community College,4 years,MORTGAGE,86000,Source Verified,4/24/2022,Fully Paid
1008431,133353,6500,6500, 36 months,6.03%,197.84,Enterprise Rent-A-Car,6 years,MORTGAGE,46150,Source Verified,7/22/2021,Fully Paid
1008811,133361,16000,16000, 60 months,13.49%,368.08,CSE Insurance Co,10+ years,MORTGAGE,96000,Source Verified,8/28/2021,Current
1009343,133377,24400,24400, 36 months,8.90%,774.78,,6 years,MORTGAGE,90000,Source Verified,2/4/2022,Fully Paid
1009320,133388,25450,25450, 60 months,17.58%,640.47,CNC Machine and Fabrication,< 1 year,RENT,57000,Verified,4/22/2022,Charged Off
1009453,133396,12000,12000, 36 months,14.27%,411.71,Oracle Corporation,< 1 year,RENT,40320,Verified,11/8/2021,Fully Paid
993914,133407,20000,20000, 60 months,17.58%,503.32,United Steelworkers,8 years,MORTGAGE,94000,Source Verified,12/20/2021,Charged Off
1009301,133418,10000,10000, 36 months,12.69%,335.45,Cassidy Turley BRE Commercial,1 year,RENT,40000,Not Verified,5/23/2022,Charged Off
1009294,133426,6000,6000, 36 months,15.27%,208.79,MetCap Management,2 years,RENT,60000,Not Verified,2/10/2022,Fully Paid
1009288,133434,3000,3000, 36 months,17.58%,107.83,Arizona Industrial Hardware,5 years,RENT,60000,Not Verified,7/7/2021,Fully Paid
1009277,133458,9600,9600, 36 months,7.90%,300.39,Zecco Trading,2 years,OWN,38000,Not Verified,11/26/2021,Fully Paid
1009416,133469,12000,12000, 36 months,7.90%,375.49,H.A. Bowen Electric,< 1 year,MORTGAGE,50400,Source Verified,4/9/2022,Fully Paid
1009418,133477,21000,21000, 60 months,18.25%,536.13,,6 years,MORTGAGE,100000,Verified,3/24/2022,Charged Off
1009413,133485,18000,18000, 60 months,10.65%,388.23,pepsi beverages company,6 years,MORTGAGE,40000,Verified,3/23/2022,Current
978488,133493,12000,12000, 36 months,9.91%,386.7,Siemens,10+ years,MORTGAGE,63150,Verified,8/28/2021,Fully Paid
1009214,133507,10000,10000, 36 months,6.62%,307.04,,6 years,RENT,54000,Verified,8/30/2021,Fully Paid
1009398,133523,13000,13000, 36 months,15.27%,452.38,Western Freightways,2 years,MORTGAGE,62000,Verified,8/2/2021,Fully Paid
1009387,133531,13000,13000, 36 months,11.71%,429.99,Five Guys Enterprises,10+ years,RENT,120000,Source Verified,5/23/2022,Fully Paid
1009392,133547,14125,14125, 60 months,19.42%,369.69,HSBC Bank,5 years,MORTGAGE,55000,Verified,12/16/2021,Fully Paid
1009249,133566,4200,4200, 36 months,9.91%,135.35,ternium usa,3 years,OWN,50000,Not Verified,5/27/2022,Fully Paid
1009120,133574,10000,10000, 36 months,6.03%,304.36,AgnetSolid,2 years,MORTGAGE,67200,Source Verified,2/23/2022,Fully Paid
1009373,133582,9500,9500, 36 months,11.71%,314.23,E*Trade,1 year,RENT,46000,Verified,6/27/2022,Fully Paid
1009226,133598,17000,17000, 60 months,8.90%,352.07,rabobank,5 years,RENT,36300,Not Verified,12/9/2021,Fully Paid
1009138,133604,30000,30000, 36 months,7.51%,933.33,bloomberg Lp,5 years,OWN,125000,Verified,7/30/2021,Charged Off
994506,133628,30000,30000, 36 months,14.27%,1029.27,United Hospital Center,3 years,MORTGAGE,60000,Verified,4/9/2022,Fully Paid
1009152,133639,5375,5375, 36 months,8.90%,170.68,Central Valley Regional Center,6 years,MORTGAGE,54000,Source Verified,12/29/2021,Fully Paid
1009213,133647,14500,14500, 36 months,10.65%,472.32,Southwire,10+ years,MORTGAGE,54000,Verified,5/23/2022,Fully Paid
1009153,133655,30000,30000, 60 months,11.71%,662.95,Aspen Specialty Insurance Co,3 years,MORTGAGE,97500,Verified,7/4/2021,Charged Off
1003712,133663,28000,28000, 60 months,19.91%,740.43,Landmark Medica Center,10+ years,RENT,100000,Source Verified,3/15/2022,Fully Paid
1009193,133671,20000,20000, 60 months,19.03%,519.15,,n/a,MORTGAGE,68232,Verified,3/13/2022,Fully Paid
1003208,133687,5000,5000, 36 months,7.51%,155.56,Nail Citi,5 years,OWN,15000,Not Verified,3/18/2022,Fully Paid
1009171,133698,15000,15000, 36 months,7.90%,469.36,Network Outsource,< 1 year,RENT,90000,Source Verified,5/10/2022,Fully Paid
987382,133701,13000,13000, 36 months,9.91%,418.93,Seminole High School,1 year,RENT,37000,Source Verified,8/8/2021,Fully Paid
1008959,133717,28000,28000, 36 months,6.62%,859.71,Warner Gaming,3 years,MORTGAGE,300000,Verified,6/13/2022,Fully Paid
1008958,133728,7200,7200, 36 months,15.27%,250.55,,n/a,RENT,30000,Verified,7/11/2021,Fully Paid
1009098,133744,5225,5225, 36 months,9.91%,168.38,Living Word Family Church,1 year,MORTGAGE,55000,Verified,7/30/2021,Fully Paid
1009082,133752,16000,16000, 60 months,17.27%,399.97,Devry University,4 years,MORTGAGE,180000,Source Verified,3/30/2022,Current
1007441,133768,5000,5000, 36 months,16.77%,177.7,GE Capital,4 years,RENT,90000,Not Verified,9/24/2021,Fully Paid
1009060,133779,25000,25000, 36 months,16.77%,888.46,US Army Legal Services Agency,10+ years,MORTGAGE,90000,Verified,7/8/2021,Charged Off
1008915,133787,20000,20000, 36 months,15.96%,702.75,Mercury Insurance Group,6 years,MORTGAGE,78000,Verified,6/17/2022,Fully Paid
1002861,133795,10000,10000, 36 months,6.03%,304.36,Bank of America,10+ years,MORTGAGE,79200,Source Verified,12/14/2021,Fully Paid
998473,133809,14000,14000, 36 months,8.90%,444.55,Common Roots Cafe,3 years,RENT,30000,Source Verified,3/16/2022,Fully Paid
1008842,133825,12000,12000, 60 months,15.27%,287.19,SGW,4 years,RENT,48000,Not Verified,3/27/2022,Current
1009024,133833,4600,4600, 36 months,7.90%,143.94,golden nugget casino,10+ years,MORTGAGE,30000,Source Verified,6/14/2022,Fully Paid
1008869,133857,7000,7000, 36 months,7.90%,219.04,Computer Sciences Corporation,10+ years,MORTGAGE,75000,Source Verified,5/2/2022,Fully Paid
1009008,133876,12000,12000, 36 months,7.90%,375.49,State of Florida,10+ years,MORTGAGE,65000,Source Verified,11/17/2021,Fully Paid
1008858,133884,20000,20000, 60 months,14.65%,472.14,Providence Home Care,3 years,RENT,110000,Verified,7/16/2021,Charged Off
1008845,133892,35000,35000, 60 months,18.25%,893.54,,10+ years,MORTGAGE,200000,Verified,6/29/2022,Charged Off
1008832,133906,20000,20000, 60 months,15.96%,485.94,Hunt Ford Chrysler,3 years,MORTGAGE,70000,Verified,11/10/2021,Fully Paid
931391,133914,18225,18225, 60 months,19.91%,481.94,UCSF Police Department,4 years,RENT,33000,Verified,7/23/2021,Fully Paid
988592,133938,6500,6500, 36 months,10.65%,211.73,Tesla Motors,< 1 year,RENT,115000,Verified,9/3/2021,Fully Paid
1008791,133949,20000,20000, 60 months,14.65%,472.14,Atlas Copco CMT,5 years,MORTGAGE,106000,Source Verified,8/21/2021,Fully Paid
1008749,133957,25000,25000, 60 months,10.65%,539.21,Upson Women's Services,4 years,OWN,38400,Verified,11/9/2021,Current
1003434,133965,8500,8500, 36 months,7.51%,264.45,Paradise Hospitality Group,5 years,RENT,42000,Not Verified,11/25/2021,Fully Paid
1008802,133973,4000,4000, 60 months,10.65%,86.28,Smithfield Foods,3 years,MORTGAGE,75000,Not Verified,11/8/2021,Fully Paid
1008040,133981,12000,12000, 36 months,13.49%,407.17,U.S. House of Representatives,< 1 year,RENT,64000,Source Verified,10/25/2021,Fully Paid
1008723,133997,6400,6400, 36 months,7.90%,200.26,,n/a,MORTGAGE,51000,Not Verified,6/21/2022,Fully Paid
1006108,134007,35000,35000, 60 months,20.30%,933.14,U.S. Department of Agriculture,10+ years,MORTGAGE,100904,Verified,8/1/2021,Fully Paid
1008529,134023,16000,16000, 36 months,11.71%,529.22,Whole Foods Market,2 years,RENT,35000,Verified,12/24/2021,Fully Paid
985145,134031,11000,11000, 36 months,16.77%,390.93,jetBlue Airways,3 years,RENT,125000,Source Verified,12/11/2021,Fully Paid
1008550,134047,3200,3200, 36 months,11.71%,105.85,At&t Mobility ,5 years,RENT,65000,Verified,10/27/2021,Fully Paid
1008762,134058,3300,3300, 36 months,11.71%,109.16,US Army,1 year,RENT,75000,Source Verified,8/26/2021,Fully Paid
1008334,134066,9400,9400, 36 months,6.62%,288.62,FIRST RF Corp.,7 years,MORTGAGE,98280,Not Verified,12/7/2021,Fully Paid
1008548,134074,4000,4000, 36 months,13.49%,135.73,NexTier Bank,6 years,MORTGAGE,103000,Not Verified,6/24/2022,Fully Paid
1008709,134082,25000,25000, 60 months,12.42%,561.44,Tucson Airport Authority,6 years,MORTGAGE,45000,Verified,1/2/2022,Charged Off
1008504,134098,12000,12000, 60 months,10.65%,258.82,"Inter-con Security Systems, Inc.",2 years,RENT,62000,Not Verified,1/11/2022,Charged Off
1008519,134104,10000,10000, 36 months,12.42%,334.16,mohawk papers,10+ years,OWN,70000,Verified,6/28/2022,Fully Paid
1008690,134112,12000,12000, 36 months,6.03%,365.23,VA Medical Center,10+ years,MORTGAGE,80000,Verified,4/6/2022,Fully Paid
1007615,134128,18000,18000, 36 months,7.90%,563.23,Oak Mountain Academt,6 years,OWN,42000,Verified,1/19/2022,Fully Paid
1008660,134139,15000,15000, 60 months,21.28%,408.17,blue rhino,2 years,RENT,40000,Verified,7/16/2021,Fully Paid
1008491,134147,14075,14075, 36 months,9.91%,453.57,US Army,8 years,MORTGAGE,57468,Source Verified,8/10/2021,Fully Paid
1008668,134155,14125,14125, 60 months,21.28%,384.36,Nordstrom ,5 years,RENT,35000,Source Verified,9/27/2021,Charged Off
1006841,134163,4800,4800, 60 months,17.58%,120.8,Arc of the three rivers,< 1 year,OWN,26000,Source Verified,1/23/2022,Fully Paid
1008460,134171,17175,17175, 60 months,18.25%,438.48,William C. Smith + Co.,4 years,MORTGAGE,48000,Source Verified,1/3/2022,Fully Paid
1005146,134187,8000,8000, 36 months,6.03%,243.49,,n/a,MORTGAGE,33600,Verified,1/12/2022,Fully Paid
1008456,134198,7125,7125, 36 months,11.71%,235.67,Vista Capiyal Management,< 1 year,MORTGAGE,22800,Source Verified,8/12/2021,Charged Off
1008635,134201,6500,6500, 36 months,10.65%,211.73,Donovan Hatem LLP,2 years,MORTGAGE,56650,Not Verified,11/1/2021,Fully Paid
1008627,134217,19000,19000, 60 months,17.58%,478.15,LexisNexis,< 1 year,MORTGAGE,100000,Source Verified,11/10/2021,Fully Paid
1008625,134228,21000,21000, 60 months,12.42%,471.61,Intel Corp,3 years,MORTGAGE,90000,Verified,3/4/2022,Fully Paid
1003949,134236,12000,12000, 60 months,10.65%,258.82,Acadia,< 1 year,MORTGAGE,72000,Source Verified,12/29/2021,Current
1008593,134244,2850,2850, 36 months,7.51%,88.67,Charles County Sheriff Office,10+ years,MORTGAGE,87120,Source Verified,7/31/2021,Fully Paid
1008426,134252,13000,13000, 60 months,14.27%,304.32,Flowplay,4 years,RENT,39624,Not Verified,11/26/2021,Fully Paid
1008285,134268,8000,8000, 36 months,13.49%,271.45,McKesson Corp,3 years,RENT,37000,Source Verified,1/16/2022,Fully Paid
1008377,134279,1500,1500, 36 months,18.64%,54.72,LA County Federation of Labor,< 1 year,RENT,18000,Not Verified,3/6/2022,Fully Paid
995470,134287,30000,30000, 36 months,10.65%,977.2,Craig Hallum,2 years,MORTGAGE,70000,Verified,2/6/2022,Fully Paid
977474,134295,9475,9475, 36 months,6.03%,288.38,Wisconsin Dept Of Revenue,< 1 year,MORTGAGE,62000,Verified,11/29/2021,Fully Paid
1008324,134309,9975,9975, 60 months,17.58%,251.03,Jefferson Parish Public Schools,5 years,RENT,82400,Source Verified,5/25/2022,Fully Paid
1008369,134317,3000,3000, 36 months,14.65%,103.49,New York city department of sanitation,4 years,MORTGAGE,50400,Not Verified,11/16/2021,Fully Paid
1008363,134333,20900,20900, 36 months,12.69%,701.09,Akridge,2 years,RENT,82000,Verified,2/27/2022,Fully Paid
1002752,134341,30000,30000, 60 months,22.74%,841.24,Southern Company,3 years,MORTGAGE,130000,Verified,9/28/2021,Current
1002396,134357,8000,8000, 36 months,6.62%,245.63,Green For All,2 years,RENT,50000,Not Verified,3/27/2022,Fully Paid
1008133,134368,6000,6000, 36 months,15.96%,210.83,24 Hour Fitness,1 year,OWN,24000,Not Verified,12/13/2021,Fully Paid
1001708,134376,2600,2600, 36 months,15.27%,90.48,"Fujitsu America, Inc.",10+ years,RENT,74029.56,Source Verified,8/27/2021,Fully Paid
1008126,134384,11500,11500, 36 months,7.90%,359.84,north central baptist hospital,5 years,MORTGAGE,29000,Not Verified,6/4/2022,Fully Paid
1008273,134392,5000,5000, 36 months,12.69%,167.73,procter and gamble,5 years,OWN,50000,Verified,12/10/2021,Fully Paid
1008115,134414,6500,6500, 36 months,10.65%,211.73,Pulmonary Associates of North Dallas,3 years,MORTGAGE,95000,Not Verified,5/18/2022,Fully Paid
1008119,134438,14000,14000, 60 months,14.65%,330.5,USAF,10+ years,OWN,118354.61,Source Verified,6/27/2022,Fully Paid
1008242,134449,24000,24000, 36 months,7.90%,750.97,delta dental of mi,2 years,MORTGAGE,95000,Verified,10/29/2021,Fully Paid
1008267,134457,12150,12150, 60 months,18.25%,310.19,"Salgado & Associates, PLLC",5 years,RENT,38000,Verified,1/11/2022,Charged Off
1008099,134465,5800,5800, 36 months,12.42%,193.81,Colorado Department of Transportation,10+ years,MORTGAGE,72000,Not Verified,1/10/2022,Fully Paid
1008254,134473,12000,12000, 60 months,13.49%,276.06,Salient Federal Solutions,2 years,MORTGAGE,100000,Verified,4/1/2022,Fully Paid
1007899,134497,6000,6000, 60 months,8.90%,124.26,interstate elec.,7 years,MORTGAGE,54000,Source Verified,11/22/2021,Fully Paid
990249,134503,12000,12000, 60 months,15.96%,291.57,Longhorn Steak House,6 years,MORTGAGE,50000,Verified,11/9/2021,Fully Paid
1008068,134511,5000,5000, 36 months,6.62%,153.52,GEICO,5 years,MORTGAGE,42082,Verified,7/30/2021,Charged Off
1008057,134527,23000,23000, 60 months,10.65%,496.08,Northrop Grumman,1 year,MORTGAGE,69500,Verified,1/8/2022,Fully Paid
1005957,134538,2600,2600, 36 months,16.29%,91.79,,n/a,RENT,15000,Verified,7/27/2021,Fully Paid
879841,134554,3000,3000, 36 months,6.62%,92.12,JB HUNT TRANSPORT,10+ years,MORTGAGE,55000,Not Verified,2/19/2022,Fully Paid
1008194,134562,10375,10375, 36 months,6.62%,318.56,L-3 Communications GS&ES,6 years,MORTGAGE,79000,Verified,11/9/2021,Fully Paid
1008020,134578,7200,7200, 36 months,6.62%,221.07,new york Air Brake,7 years,MORTGAGE,82008,Not Verified,1/17/2022,Fully Paid
999681,134589,17725,17725, 60 months,11.71%,391.7,Windham School District,10+ years,MORTGAGE,57000,Verified,1/19/2022,Current
1007997,134597,15350,15350, 60 months,13.49%,353.13,Briggs & Stratton Corp,10+ years,MORTGAGE,48000,Verified,3/15/2022,Fully Paid
1008165,134608,4200,4200, 36 months,12.42%,140.35,Conocophillips,9 years,MORTGAGE,72000,Not Verified,7/7/2021,Fully Paid
1007959,134619,4200,4200, 36 months,6.62%,128.96,"PPG Industries, Inc.",6 years,RENT,69000,Not Verified,5/3/2022,Fully Paid
1001205,134627,10000,10000, 36 months,7.51%,311.11,Knight Electrical,7 years,RENT,60629.92,Not Verified,1/5/2022,Fully Paid
1007951,134635,5000,5000, 36 months,6.03%,152.18,Electricon Services LLc,2 years,MORTGAGE,72000,Not Verified,11/11/2021,Fully Paid
1007932,134643,14125,14125, 36 months,6.62%,433.69,,n/a,OWN,30000,Verified,7/7/2021,Fully Paid
1007926,134651,20000,20000, 60 months,18.25%,510.6,Swimways Corp.,10+ years,OWN,62000,Verified,10/28/2021,Fully Paid
983769,134667,9000,9000, 60 months,18.25%,229.77,Allied,2 years,RENT,48000,Source Verified,2/26/2022,Charged Off
1007751,134686,10000,10000, 36 months,6.62%,307.04,Hafif & Associates,4 years,RENT,85000,Not Verified,7/3/2021,Fully Paid
1007918,134694,10000,10000, 36 months,11.71%,330.76,Cliffs Natural Resources,10+ years,OWN,180000,Verified,8/17/2021,Fully Paid
1006291,134708,5400,5400, 36 months,8.90%,171.47,The Gabbert Company,10+ years,MORTGAGE,38000,Verified,12/3/2021,Fully Paid
985200,134716,9000,9000, 36 months,10.65%,293.16,"Woda Construction, Inc",6 years,MORTGAGE,100000,Source Verified,7/7/2022,Fully Paid
1007892,134724,4800,4800, 60 months,18.25%,122.55,Library Cataloging Solutions,1 year,RENT,66000,Source Verified,3/20/2022,Charged Off
1007711,134732,24000,24000, 36 months,15.96%,843.3,Center for Creative Leadership,9 years,MORTGAGE,134500,Verified,7/26/2021,Fully Paid
1007871,134759,17600,17600, 60 months,17.27%,439.97,GEICO,3 years,MORTGAGE,40000,Verified,12/5/2021,Fully Paid
1007695,134775,12000,12000, 36 months,7.90%,375.49,County of San Diego,8 years,MORTGAGE,77000,Verified,4/17/2022,Fully Paid
1007839,134783,4925,4925, 36 months,11.71%,162.9,orgill inc.,9 years,OWN,46000,Not Verified,10/8/2021,Fully Paid
999502,134791,7200,7200, 36 months,11.71%,238.15,Sprint,< 1 year,RENT,31700,Source Verified,10/2/2021,Charged Off
1007073,134805,30000,30000, 36 months,19.03%,1100.14,Chula Vista Elementary School District,10+ years,MORTGAGE,81840,Verified,12/25/2021,Fully Paid
1007826,134813,15000,15000, 60 months,13.49%,345.08,"Ebert & Baumann Consulting Engineers, In",1 year,RENT,72000,Source Verified,3/8/2022,Current
1007647,134821,20000,20000, 36 months,7.90%,625.81,ATPCO,3 years,RENT,101000,Verified,11/30/2021,Fully Paid
997316,134837,8000,8000, 36 months,16.77%,284.31,Eastview vet clinic,7 years,RENT,21000,Verified,10/8/2021,Charged Off
990658,134848,18000,18000, 36 months,7.90%,563.23,marvell technology group,6 years,MORTGAGE,70000,Source Verified,7/1/2022,Fully Paid
1007619,134856,6400,6400, 36 months,11.71%,211.69,Drake Enterprise -Boiler Room Steakhouse,3 years,MORTGAGE,37000,Not Verified,12/30/2021,Fully Paid
1007778,134864,9600,9600, 36 months,6.62%,294.76,Aultman Hospital,4 years,MORTGAGE,54000,Not Verified,6/16/2022,Fully Paid
971035,134872,7000,7000, 36 months,6.03%,213.05,Lozier Corporation,10+ years,MORTGAGE,80000,Not Verified,2/20/2022,Fully Paid
1007539,134899,7000,7000, 36 months,10.65%,228.02,Conversion Systems,1 year,RENT,90000,Source Verified,11/5/2021,Fully Paid
1007331,134918,9600,9600, 36 months,9.91%,309.36,Costco Wholesale,10+ years,RENT,59000,Not Verified,4/1/2022,Fully Paid
1007317,134929,10000,10000, 36 months,7.90%,312.91,oakwood rehab and skilled nursing,2 years,MORTGAGE,50000,Not Verified,4/1/2022,Fully Paid
1007519,134937,18000,18000, 36 months,7.90%,563.23,Financial West Group,7 years,MORTGAGE,140000,Source Verified,2/16/2022,Fully Paid
1007502,134945,8400,8400, 36 months,6.62%,257.92,Dept of Defense,10+ years,MORTGAGE,72000,Not Verified,5/14/2022,Fully Paid
1007513,134953,33600,33600, 60 months,13.49%,772.96,UCLA,5 years,RENT,111396,Verified,8/4/2021,Fully Paid
999666,134961,7200,7200, 36 months,10.65%,234.53,UniFocus,2 years,MORTGAGE,105000,Not Verified,5/27/2022,Fully Paid
1007397,134977,4550,4550, 60 months,16.77%,112.52,Firehouse Tavern,< 1 year,RENT,30000,Source Verified,9/22/2021,Fully Paid
1007488,134988,18750,18750, 60 months,16.77%,463.68,Piedmont Healthcare of Atlanta,10+ years,OWN,37500,Verified,5/29/2022,Fully Paid
1007473,134996,5600,5600, 36 months,7.90%,175.23,,10+ years,MORTGAGE,192000,Verified,12/28/2021,Fully Paid
1007291,135003,4200,4200, 36 months,12.69%,140.89,Adams Farm Animal Hospital,4 years,RENT,55000,Not Verified,9/13/2021,Fully Paid
1007268,135011,12600,12600, 36 months,12.42%,421.04,L&L Parts & Repairs,10+ years,OWN,38000,Verified,11/24/2021,Charged Off
1005939,135027,4800,4800, 36 months,12.42%,160.4,Canyons School District,10+ years,MORTGAGE,54000,Source Verified,4/22/2022,Fully Paid
1007257,135038,3000,3000, 36 months,7.90%,93.88,RAFFERTY SUBARU,< 1 year,MORTGAGE,96000,Source Verified,11/10/2021,Fully Paid
1006430,135054,22000,22000, 36 months,12.42%,735.14,Booz Allen Hamilton,5 years,MORTGAGE,100800,Verified,8/5/2021,Fully Paid
1007428,135062,20000,20000, 60 months,13.49%,460.1,US Postal Service,10+ years,RENT,71000,Verified,8/22/2021,Fully Paid
993472,135078,4750,4750, 36 months,7.90%,148.63,Jim's Northside Service,n/a,MORTGAGE,30000,Source Verified,10/17/2021,Fully Paid
1007423,135089,7500,7500, 36 months,6.62%,230.28,John Deere,2 years,RENT,66000,Source Verified,1/3/2022,Fully Paid
1007228,135097,15000,15000, 60 months,17.58%,377.49,Malloy Ford,< 1 year,RENT,65000,Verified,1/22/2022,Current
1007408,135108,30000,30000, 60 months,18.64%,772.29,Kennedy Health Systems,10+ years,MORTGAGE,94325,Source Verified,3/21/2022,Fully Paid
1007404,135119,9000,9000, 36 months,7.90%,281.62,freudenberg,8 years,MORTGAGE,75500,Verified,10/2/2021,Fully Paid
1007209,135127,35000,35000, 36 months,10.65%,1140.07,Rockwood Service Corp,2 years,MORTGAGE,156000,Verified,7/6/2022,Fully Paid
1007211,135135,26000,26000, 60 months,18.64%,669.32,Cn Railroad,10+ years,RENT,50000,Verified,7/9/2021,Charged Off
1007386,135143,6400,6400, 36 months,7.90%,200.26,Cross Country Services Corp,4 years,MORTGAGE,95000,Not Verified,9/26/2021,Fully Paid
994720,135151,10800,10800, 36 months,16.29%,381.25,,6 years,RENT,48000,Source Verified,1/27/2022,Fully Paid
1006766,135178,3000,3000, 36 months,14.27%,102.93,Capitol carpet inc,2 years,RENT,74500,Not Verified,7/14/2021,Fully Paid
1007379,135186,4500,4500, 60 months,13.49%,103.53,Sprint,1 year,RENT,37200,Source Verified,4/17/2022,Fully Paid
1006327,135194,15000,15000, 36 months,7.90%,469.36,AT&T,10+ years,MORTGAGE,65000,Verified,10/5/2021,Fully Paid
1007154,135208,12600,12600, 60 months,19.42%,329.77,City of Fresno,3 years,RENT,55000,Source Verified,7/6/2021,Current
928898,135216,25000,25000, 60 months,12.42%,561.44,,9 years,MORTGAGE,150000,Verified,10/28/2021,Current
1007126,135224,10200,10200, 36 months,7.51%,317.34,Guardian,10+ years,MORTGAGE,130000,Verified,8/11/2021,Fully Paid
1006907,135232,20000,20000, 36 months,12.69%,670.9,Cummins Power Generation,< 1 year,RENT,74000,Verified,12/16/2021,Fully Paid
1006918,135248,7000,7000, 36 months,11.71%,231.54,"Rewatchable, Inc.",2 years,MORTGAGE,90000,Not Verified,6/4/2022,Fully Paid
1007103,135259,20000,20000, 36 months,12.69%,670.9,Ancestry.com,9 years,MORTGAGE,107496,Verified,11/6/2021,Fully Paid
1000208,135267,17000,17000, 60 months,19.03%,441.28,Burberry ltd,4 years,RENT,175000,Source Verified,6/2/2022,Fully Paid
1007086,135275,5000,5000, 60 months,10.65%,107.85,"Lusk Services, Inc.",10+ years,MORTGAGE,79200,Verified,9/1/2021,Current
1006771,135283,21000,21000, 36 months,9.91%,676.73,"Projecis, Inc.",1 year,RENT,93000,Verified,6/21/2022,Fully Paid
1006875,135291,12000,12000, 36 months,6.03%,365.23,Archway Marketing Services,10+ years,MORTGAGE,61000,Not Verified,6/14/2022,Fully Paid
1007070,135305,24000,24000, 60 months,18.25%,612.72,T-Mobile USA,8 years,RENT,228000,Source Verified,10/26/2021,Fully Paid
1002882,135313,5400,5400, 36 months,14.27%,185.27,McCarthy Building Companies,1 year,RENT,54000,Source Verified,5/26/2022,Fully Paid
1006885,135348,9400,9400, 60 months,14.27%,220.04,Jacob  Medinger  and  Finnegan LLP,< 1 year,MORTGAGE,62000,Source Verified,8/31/2021,Current
1000794,135356,15125,15125, 60 months,13.49%,347.95,NLACRC,8 years,RENT,55000,Not Verified,9/26/2021,Fully Paid
1006618,135364,12000,12000, 36 months,9.91%,386.7,,3 years,RENT,140000,Verified,3/18/2022,Fully Paid
1007042,135372,12000,12000, 60 months,9.91%,254.44,home depot,8 years,RENT,30000,Verified,2/7/2022,Fully Paid
1006845,135388,10000,10000, 36 months,7.90%,312.91,Texas Transportation Institute,6 years,MORTGAGE,55000,Source Verified,1/14/2022,Fully Paid
1004131,135399,30000,30000, 60 months,12.42%,673.72,QW Express,7 years,MORTGAGE,190000,Verified,6/24/2022,Charged Off
1007014,135402,6500,6500, 36 months,11.71%,215,Mount Rogers CSB,10+ years,MORTGAGE,38492,Source Verified,10/21/2021,Fully Paid
1007010,135418,8000,8000, 36 months,10.65%,260.59,Schillings construction,2 years,MORTGAGE,30000,Not Verified,4/13/2022,Fully Paid
1006824,135429,3600,3600, 36 months,12.42%,120.3,Ram Technologies,< 1 year,RENT,54000,Source Verified,10/22/2021,Fully Paid
1007009,135437,7100,7100, 60 months,18.25%,181.27,EvensonBest LLC ,< 1 year,RENT,80000,Source Verified,3/5/2022,Charged Off
1006812,135445,2400,2400, 36 months,9.91%,77.34,nypd,6 years,RENT,15000,Source Verified,10/16/2021,Fully Paid
1006806,135453,10950,10950, 60 months,14.27%,256.33,,n/a,MORTGAGE,21888,Verified,3/30/2022,Charged Off
1002546,135461,4000,4000, 36 months,7.51%,124.45,The Mount Sinai School of Medicine,6 years,MORTGAGE,80000,Not Verified,8/12/2021,Charged Off
1006769,135477,12600,12600, 60 months,12.69%,284.7,ING US Financial,10+ years,RENT,64590,Verified,8/22/2021,Current
1006607,135488,12000,12000, 60 months,18.64%,308.92,U.S. Government,2 years,MORTGAGE,60000,Source Verified,7/18/2021,Fully Paid
1006616,135496,35000,35000, 60 months,20.30%,933.14,LA CSSD,3 years,MORTGAGE,136000,Verified,8/22/2021,Fully Paid
1006411,135507,25000,25000, 60 months,14.27%,585.22,brada mfg,8 years,RENT,48000,Verified,12/29/2021,Fully Paid
1006405,135518,5200,5200, 36 months,7.51%,161.78,PEO STRI,3 years,MORTGAGE,70000,Not Verified,5/10/2022,Fully Paid
1006397,135526,8500,8500, 36 months,6.03%,258.71,,n/a,OWN,25000,Not Verified,12/9/2021,Fully Paid
1006590,135534,12000,12000, 60 months,12.42%,269.49,Kaiser Permanente,4 years,MORTGAGE,64000,Verified,10/10/2021,Charged Off
1006398,135558,13000,13000, 60 months,8.90%,269.23,Trinity Management Services,< 1 year,RENT,47000,Source Verified,9/30/2021,Fully Paid
1006581,135569,1800,1800, 36 months,8.90%,57.16,Hospira worldwide,9 years,RENT,50400,Not Verified,1/19/2022,Charged Off
1006579,135577,10000,10000, 36 months,16.77%,355.39,Charlotte pipe& foundry,10+ years,MORTGAGE,60000,Verified,7/5/2021,Fully Paid
1002142,135585,12475,12475, 36 months,6.03%,379.69,"Western Wayne Physicians, PLC",10+ years,MORTGAGE,88000,Not Verified,8/19/2021,Fully Paid
1006377,135593,3200,3200, 36 months,7.51%,99.56,Diabetes Specialty Center,4 years,MORTGAGE,44000,Not Verified,5/13/2022,Fully Paid
1006387,135607,5500,5500, 36 months,6.62%,168.88,"Bobs Books, Inc",10+ years,RENT,40000,Not Verified,7/28/2021,Fully Paid
1004496,135615,14675,14675, 60 months,19.42%,384.08,Dr Pepper Snapple Group,1 year,RENT,38500,Verified,11/15/2021,Charged Off
1006564,135623,2100,2100, 36 months,7.51%,65.34,,n/a,RENT,8000,Verified,9/20/2021,Fully Paid
1006158,135631,3825,3825, 36 months,15.96%,134.41,Bed Bath and Beyond,3 years,RENT,28500,Not Verified,10/11/2021,Charged Off
1006372,135647,23200,23200, 60 months,23.52%,660.97,Occidental Chemical Corporation,10+ years,MORTGAGE,85000,Verified,4/13/2022,Charged Off
1006364,135658,5000,5000, 36 months,6.03%,152.18,Capital Markets,5 years,RENT,100000,Not Verified,5/11/2022,Fully Paid
1006371,135666,12000,12000, 36 months,14.65%,413.94,Us government,3 years,MORTGAGE,45600,Source Verified,4/14/2022,Fully Paid
1006338,135674,8500,8500, 36 months,11.71%,281.15,USDA - Food and Nutrition Service,6 years,RENT,74000,Verified,2/25/2022,Fully Paid
1006331,135704,12000,12000, 36 months,8.90%,381.04,Texans for Todd Staples,4 years,MORTGAGE,76800,Not Verified,5/29/2022,Fully Paid
980234,135739,31000,31000, 60 months,12.42%,696.18,Autoclub of Southern California,10+ years,MORTGAGE,96000,Source Verified,6/26/2022,Fully Paid
1004491,135763,12600,12600, 60 months,10.65%,271.77,Wyandot Incorporated,10+ years,MORTGAGE,55172,Not Verified,11/2/2021,Fully Paid
1006119,135787,7600,7600, 36 months,15.27%,264.47,Darden - Red Lobster,2 years,RENT,33000,Verified,9/9/2021,Fully Paid
1006114,135801,2750,2750, 36 months,16.77%,97.74,JP Morgan Chase St.1,2 years,RENT,16800,Source Verified,6/30/2022,Fully Paid
1006322,135828,20000,20000, 36 months,11.71%,661.52,MassBay Community College,6 years,RENT,72000,Verified,7/6/2022,Fully Paid
997558,135852,7000,7000, 36 months,6.62%,214.93,pelican products,10+ years,MORTGAGE,45600,Source Verified,9/29/2021,Fully Paid
887713,135868,7000,7000, 36 months,10.65%,228.02,us army,6 years,RENT,80400,Source Verified,5/23/2022,Fully Paid
995703,135879,24000,24000, 60 months,22.06%,663.68,,2 years,RENT,91200,Source Verified,5/17/2022,Current
1006097,135887,13200,13200, 36 months,6.62%,405.29,banner gateway hospital,10+ years,MORTGAGE,90000,Source Verified,5/31/2022,Fully Paid
1004332,135895,6000,6000, 36 months,11.71%,198.46,JPMorgan Chase Bank,7 years,RENT,48000,Source Verified,7/3/2021,Fully Paid
1005015,135917,35000,35000, 36 months,12.42%,1169.54,,n/a,MORTGAGE,185000,Verified,9/30/2021,Fully Paid
1006070,135925,4625,4625, 36 months,12.42%,154.55,Asplundh Tree Expert Company,4 years,MORTGAGE,40000,Not Verified,10/8/2021,Fully Paid
1006067,135933,13000,13000, 60 months,19.42%,340.24,UCG,10+ years,MORTGAGE,65000,Source Verified,3/24/2022,Fully Paid
1006283,135941,11200,11200, 60 months,14.65%,264.4,,4 years,RENT,50000,Source Verified,1/14/2022,Fully Paid
1004936,135957,6000,6000, 36 months,6.03%,182.62,Underwriters Laboratories,10+ years,MORTGAGE,150000,Source Verified,11/21/2021,Fully Paid
1006073,135968,17600,17600, 60 months,18.64%,453.08,Mt. Carmel Health System,10+ years,MORTGAGE,65000,Verified,12/30/2021,Charged Off
998521,135976,2500,2500, 36 months,11.71%,82.69,,2 years,OWN,27600,Source Verified,10/13/2021,Fully Paid
1006259,135984,15000,15000, 36 months,6.03%,456.54,Eze Castle Software,< 1 year,RENT,130000,Source Verified,12/29/2021,Fully Paid
1006032,135992,8000,8000, 36 months,14.27%,274.48,Nova Southeastern University,6 years,RENT,36000,Verified,9/21/2021,Charged Off
1006236,136007,15000,15000, 36 months,9.91%,483.38,UAB Hospital,10+ years,MORTGAGE,95000,Verified,7/20/2021,Fully Paid
1005967,136018,14000,14000, 60 months,10.65%,301.96,Fairmont Hotel Company,1 year,RENT,51996,Not Verified,5/19/2022,Fully Paid
1005050,136026,3800,3800, 36 months,6.62%,116.68,new york city police department,10+ years,OWN,79200,Not Verified,1/8/2022,Fully Paid
1005988,136034,35000,35000, 60 months,12.69%,790.82,Giant,5 years,OWN,110000,Verified,3/30/2022,Charged Off
1005977,136042,3000,3000, 36 months,12.69%,100.64,Olive Garden,< 1 year,OWN,14400,Source Verified,8/25/2021,Fully Paid
1004502,136058,5600,5600, 36 months,14.27%,192.13,Town Sports International,3 years,RENT,70000,Source Verified,12/3/2021,Fully Paid
1002214,136069,12000,12000, 36 months,15.27%,417.58,GEICO,5 years,RENT,85000,Verified,3/26/2022,Fully Paid
1005932,136077,6000,6000, 36 months,10.65%,195.44,,n/a,RENT,19200,Verified,9/14/2021,Fully Paid
1003910,136085,27250,27250, 60 months,18.64%,701.5,Sunrise Engineering,10+ years,MORTGAGE,78000,Source Verified,10/10/2021,Fully Paid
944529,136093,12000,12000, 36 months,6.03%,365.23,BIVAC Bureau Veritas,9 years,OWN,45000,Not Verified,1/23/2022,Fully Paid
1000816,136107,25000,25000, 60 months,10.65%,539.21,Waxie Sanitary,10+ years,MORTGAGE,57600,Verified,8/5/2021,Fully Paid
1004713,136115,13000,13000, 36 months,6.62%,399.15,Chrysler,8 years,MORTGAGE,80000,Verified,4/15/2022,Fully Paid
991475,136131,8000,8000, 36 months,7.90%,250.33,RJ Byrd,< 1 year,RENT,72000,Source Verified,9/17/2021,Fully Paid
999662,136147,13600,13600, 36 months,6.03%,413.93,Village of Schaumburg,10+ years,MORTGAGE,104000,Not Verified,3/13/2022,Fully Paid
1005910,136158,30000,30000, 60 months,12.69%,677.85,Allied Rehab,1 year,MORTGAGE,103800,Source Verified,3/15/2022,Fully Paid
1005896,136166,8000,8000, 36 months,8.90%,254.03,Crawford tire,4 years,MORTGAGE,52000,Source Verified,1/29/2022,Fully Paid
990546,136174,30000,30000, 36 months,8.90%,952.6,Greene & Associates Talent Agency ,3 years,MORTGAGE,200000,Source Verified,1/31/2022,Fully Paid
973082,136182,3000,3000, 36 months,10.65%,97.72,Infosys Limited,7 years,RENT,63372,Verified,9/5/2021,Fully Paid
1005153,136198,24000,24000, 60 months,19.03%,622.97,NICE Systems,10+ years,MORTGAGE,155000,Verified,5/31/2022,Fully Paid
1002366,136212,15000,15000, 36 months,17.58%,539.14,lausd,10+ years,RENT,90000,Verified,8/13/2021,Fully Paid
1005808,136228,9400,9400, 60 months,21.67%,257.86,R & R Auto Group,< 1 year,OWN,60000,Verified,3/31/2022,Fully Paid
1005865,136239,20000,20000, 60 months,14.65%,472.14,,n/a,MORTGAGE,57600,Verified,3/22/2022,Current
1005669,136247,20000,20000, 60 months,14.27%,468.17,SIG Combibloc,1 year,MORTGAGE,97500,Verified,9/28/2021,Fully Paid
994734,136255,1300,1300, 36 months,6.03%,39.57,Georgia Cooperative,3 years,OWN,6000,Verified,1/28/2022,Fully Paid
1005831,136263,10000,10000, 36 months,7.51%,311.11,Carrier Enterprise,2 years,RENT,45000,Source Verified,6/23/2022,Fully Paid
1000579,136271,8000,8000, 36 months,6.62%,245.63,First Baptist Church of OB,4 years,RENT,50000,Not Verified,5/6/2022,Fully Paid
1005837,136287,2800,2800, 60 months,9.91%,59.37,Travelong Inc,5 years,RENT,33204,Source Verified,3/6/2022,Current
1000124,136298,35000,35000, 36 months,12.42%,1169.54,effone software inc,8 years,RENT,77100,Verified,1/27/2022,Fully Paid
809739,136301,2700,2700, 36 months,13.49%,91.62,Bank Of America,2 years,RENT,35004,Verified,10/27/2021,Fully Paid
1000138,136317,35000,35000, 60 months,19.42%,916.03,Level 3 Communications,10+ years,MORTGAGE,90000,Verified,11/22/2021,Charged Off
1005627,136328,19000,19000, 60 months,11.71%,419.87,Mono County,7 years,MORTGAGE,76700,Source Verified,7/15/2021,Fully Paid
1004088,136336,23000,23000, 60 months,12.42%,516.52,Indicon Corporation,10+ years,MORTGAGE,70000,Verified,10/29/2021,Charged Off
998222,136344,12175,12175, 60 months,10.65%,262.6,Domaine Select Wine Estates,10+ years,MORTGAGE,106000,Verified,1/17/2022,Current
1002729,136352,25000,25000, 60 months,14.27%,585.22,The Jersey City Public Schools,10+ years,RENT,62000,Verified,2/1/2022,Fully Paid
1004353,136368,10000,10000, 36 months,6.03%,304.36,,n/a,RENT,36000,Verified,7/6/2022,Fully Paid
1005792,136379,5000,5000, 36 months,11.71%,165.38,Apple Inc.,3 years,RENT,52273,Source Verified,6/15/2022,Fully Paid
1004157,136387,12000,12000, 60 months,19.91%,317.33,ODOT,2 years,MORTGAGE,65000,Verified,12/26/2021,Charged Off
1005145,136395,25000,25000, 60 months,15.27%,598.3,ATBS,6 years,RENT,60000,Verified,2/11/2022,Fully Paid
1005067,136409,3500,3500, 36 months,6.03%,106.53,ATK,10+ years,MORTGAGE,95000,Not Verified,11/28/2021,Fully Paid
1005763,136417,16000,16000, 36 months,6.03%,486.97,R. G. Vanderweil Engineers LLP,4 years,MORTGAGE,124000,Not Verified,8/12/2021,Fully Paid
1005771,136425,20000,20000, 36 months,8.90%,635.07,Averro inc.,< 1 year,RENT,148080,Verified,4/30/2022,Fully Paid
1005770,136433,7500,7500, 36 months,11.71%,248.07,Finger Lakes DDSO,7 years,MORTGAGE,50000,Source Verified,10/17/2021,Charged Off
1005579,136441,5000,5000, 36 months,12.42%,167.08,taocon inc,5 years,RENT,40000,Source Verified,11/21/2021,Fully Paid
1005170,136457,35000,35000, 36 months,7.90%,1095.16,Sikorsky Aircraft,6 years,MORTGAGE,95000,Verified,5/5/2022,Fully Paid
1005168,136468,10000,10000, 60 months,10.65%,215.69,,9 years,OWN,100000,Source Verified,5/13/2022,Charged Off
1005161,136476,10000,10000, 36 months,18.64%,364.75,Phoenix contact,5 years,RENT,57000,Source Verified,2/23/2022,Fully Paid
1005156,136484,3600,3600, 36 months,7.90%,112.65,Town of Hempstead,10+ years,MORTGAGE,90000,Not Verified,12/8/2021,Fully Paid
1005129,136492,5600,5600, 36 months,15.96%,196.77,Heller Pacific,9 years,RENT,48000,Source Verified,1/22/2022,Fully Paid
1004939,136506,14000,14000, 60 months,15.27%,335.05,American Auto Matrix,< 1 year,RENT,42000,Source Verified,5/3/2022,Fully Paid
997339,136514,7575,7575, 36 months,6.62%,232.59,,6 years,MORTGAGE,21600,Verified,10/16/2021,Fully Paid
1004908,136522,23525,23525, 36 months,7.90%,736.11,"Carnahan, Evans, Cantwell & Brown, P.C.",4 years,MORTGAGE,62500,Verified,9/13/2021,Fully Paid
1004899,136538,10000,10000, 36 months,7.90%,312.91,Sports Authority,6 years,RENT,54000,Not Verified,7/6/2021,Fully Paid
978833,136549,35000,35000, 60 months,17.27%,874.93,Lockheed Martin,6 years,RENT,92000,Verified,6/21/2022,Fully Paid
1003349,136557,9300,9300, 36 months,8.90%,295.31,Pepboys,< 1 year,MORTGAGE,45760,Verified,2/14/2022,Fully Paid
1005073,136565,7000,7000, 36 months,12.69%,234.82,,n/a,OWN,38400,Source Verified,8/7/2021,Fully Paid
1002033,136573,8400,8400, 36 months,16.77%,298.53,shelby county schools,1 year,MORTGAGE,43200,Source Verified,3/10/2022,Fully Paid
1004826,136597,17000,17000, 36 months,6.03%,517.41,Children's Hospital Colorado,10+ years,MORTGAGE,70000,Not Verified,6/6/2022,Fully Paid
1003398,136638,5000,5000, 36 months,10.65%,162.87,AAFES,4 years,RENT,20000,Source Verified,3/28/2022,Fully Paid
1005052,136964,20000,20000, 60 months,19.42%,523.45,Seacore Holding Inc,< 1 year,MORTGAGE,75000,Verified,11/22/2021,Fully Paid
1004851,136972,3000,3000, 36 months,16.77%,106.62,U.S. Postal Service,10+ years,MORTGAGE,65000,Source Verified,4/28/2022,Fully Paid
1004844,136988,12000,12000, 36 months,6.03%,365.23,Town of Greene,4 years,OWN,42000,Source Verified,1/27/2022,Fully Paid
1004771,137006,15000,15000, 60 months,16.77%,370.94,SLAC National Accelerator Labratory,< 1 year,RENT,88000,Verified,1/15/2022,Current
1003613,137014,5500,5500, 36 months,12.69%,184.5,City of San Francisco,4 years,MORTGAGE,96000,Not Verified,1/1/2022,Fully Paid
1004685,137022,1450,1450, 36 months,7.51%,45.12,,2 years,RENT,24000,Source Verified,12/25/2021,Fully Paid
1003976,137038,30000,30000, 60 months,11.71%,662.95,Omabuild,10+ years,RENT,150000,Verified,11/8/2021,Fully Paid
999267,137049,8000,8000, 36 months,7.90%,250.33,Tampa Bay Imaging,< 1 year,RENT,50000,Source Verified,5/19/2022,Fully Paid
1004804,137057,7000,7000, 36 months,7.90%,219.04,Rusk State Hospital,10+ years,OWN,27600,Not Verified,3/3/2022,Charged Off
1004991,137065,10000,10000, 36 months,14.27%,343.09,Aerospace maintenance services,5 years,RENT,60000,Verified,4/2/2022,Fully Paid
1004358,137073,20000,20000, 60 months,12.69%,451.9,US Department of Justice,10+ years,OWN,102000,Verified,1/25/2022,Fully Paid
998418,137081,6600,6600, 36 months,7.90%,206.52,SGS North America Inc,5 years,MORTGAGE,47000,Not Verified,11/7/2021,Fully Paid
1000142,137097,6000,6000, 36 months,11.71%,198.46,Walmart,3 years,RENT,30000,Source Verified,11/3/2021,Fully Paid
910281,137111,7000,7000, 36 months,16.77%,248.77,New American Mortgage,2 years,MORTGAGE,120000,Verified,11/30/2021,Fully Paid
1004741,137127,4000,4000, 36 months,12.42%,133.67,Mandarin Oriental Hotel Group,3 years,RENT,23400,Not Verified,9/19/2021,Fully Paid
1004545,137138,12350,12350, 60 months,14.27%,289.1,Assured Document Management,1 year,RENT,59000,Not Verified,9/8/2021,Charged Off
1004670,137146,10000,10000, 36 months,11.71%,330.76,Weiss Realty LLC,10+ years,RENT,52000,Source Verified,8/22/2021,Fully Paid
1004484,137154,12000,12000, 36 months,16.77%,426.47,CVS/pharmacy,7 years,MORTGAGE,60000,Verified,4/10/2022,Fully Paid
895589,137162,18400,18400, 60 months,23.13%,520.08,Georiga-Pacific,10+ years,MORTGAGE,75000,Verified,3/13/2022,Charged Off
1004462,137178,24000,24000, 60 months,17.58%,603.98,Elburn Co Op,2 years,MORTGAGE,80000,Verified,11/19/2021,Fully Paid
1004453,137189,10000,10000, 36 months,7.90%,312.91,Treasure Chest Casino,10+ years,MORTGAGE,54000,Not Verified,9/29/2021,Fully Paid
1004455,137197,20000,20000, 60 months,9.91%,424.06,Pomona Valley Hospital,9 years,RENT,36000,Source Verified,7/5/2022,Fully Paid
1003345,137208,15000,15000, 36 months,16.29%,529.51,Interplex,3 years,RENT,52800,Source Verified,6/18/2022,Fully Paid
994833,137219,3600,3600, 36 months,14.27%,123.52,Stanford University,< 1 year,RENT,26400,Source Verified,10/5/2021,Fully Paid
1004608,137227,11325,11325, 36 months,10.65%,368.9,USA4SALE,7 years,MORTGAGE,25920,Not Verified,4/6/2022,Fully Paid
981387,137235,25000,25000, 60 months,12.42%,561.44,Sacramento County Office of Education,10+ years,MORTGAGE,68000,Verified,8/24/2021,Current
880757,137243,3100,3100, 36 months,13.49%,105.19,Beckman Coulter Inc.,1 year,RENT,65000,Source Verified,11/14/2021,Fully Paid
1004403,137251,20000,20000, 36 months,7.90%,625.81,US Postal Service,10+ years,MORTGAGE,150000,Source Verified,7/5/2022,Fully Paid
994821,137267,14400,14400, 36 months,6.03%,438.28,covanta energy,3 years,MORTGAGE,75000,Verified,10/5/2021,Fully Paid
970906,137278,5850,5850, 36 months,13.49%,198.5,hart appliance,6 years,MORTGAGE,31200,Verified,1/18/2022,Fully Paid
1004142,137286,5000,5000, 36 months,6.62%,153.52,Tony Pai LLC,2 years,MORTGAGE,124800,Not Verified,12/23/2021,Fully Paid
1004390,137294,3000,3000, 36 months,6.62%,92.12,Maser Consulting,2 years,MORTGAGE,45000,Not Verified,10/17/2021,Fully Paid
1004381,137308,35000,35000, 60 months,11.71%,773.44,TD Ameritrade,7 years,MORTGAGE,88000,Verified,7/4/2022,Charged Off
994164,137316,12000,12000, 36 months,11.71%,396.92,Lockheed Martin,2 years,RENT,77000,Not Verified,10/26/2021,Fully Paid
1004123,137324,30000,30000, 60 months,15.96%,728.91,USPS,5 years,RENT,55000,Verified,7/31/2021,Fully Paid
1004336,137332,20000,20000, 36 months,12.69%,670.9,QUEST DIAGNOSTICS,7 years,OWN,50000,Verified,7/23/2021,Fully Paid
1004324,137348,7000,7000, 36 months,7.90%,219.04,Mt Sinai Hospital,9 years,RENT,43200,Not Verified,4/7/2022,Charged Off
1004151,137367,8000,8000, 36 months,6.62%,245.63,"The Topps Company, Inc.",2 years,RENT,39000,Not Verified,1/13/2022,Fully Paid
1004145,137375,8000,8000, 36 months,8.90%,254.03,,n/a,MORTGAGE,28776,Not Verified,1/7/2022,Fully Paid
1004149,137383,5000,5000, 36 months,9.91%,161.13,Polychem,6 years,MORTGAGE,83000,Not Verified,3/7/2022,Fully Paid
1004136,137391,17500,17500, 36 months,13.49%,593.79,webb1realty,1 year,RENT,85000,Source Verified,7/6/2021,Fully Paid
1004005,137405,9000,9000, 36 months,7.90%,281.62,American Medical Response,4 years,RENT,58800,Source Verified,1/31/2022,Fully Paid
1004138,137413,6000,6000, 36 months,13.49%,203.59,"Rainbow, Inc.",10+ years,MORTGAGE,79416,Not Verified,5/18/2022,Fully Paid
1004071,137421,8000,8000, 36 months,17.58%,287.54,San Bernardino County,7 years,MORTGAGE,48661.8,Source Verified,6/22/2022,Fully Paid
1004134,137437,7200,7200, 36 months,12.69%,241.53,Lagonita Lodge,6 years,RENT,30000,Source Verified,11/1/2021,Charged Off
1004114,137448,7500,7500, 36 months,16.29%,264.76,United States Department Of Homeland Sec,9 years,RENT,120000,Not Verified,7/15/2021,Fully Paid
1004112,137456,2500,2500, 36 months,10.65%,81.44,dod dasg,2 years,RENT,24000,Not Verified,4/20/2022,Fully Paid
1004099,137464,6000,6000, 36 months,12.69%,201.27,ideal products,< 1 year,RENT,40000,Source Verified,11/4/2021,Fully Paid
953085,137472,13200,13200, 36 months,6.62%,405.29,Shoedazzle.com,1 year,RENT,60000,Verified,7/15/2021,Fully Paid
1004274,137488,16800,16800, 60 months,10.65%,362.35,Atlassian,< 1 year,RENT,52000,Source Verified,8/10/2021,Fully Paid
1002063,137499,7500,7500, 36 months,7.90%,234.68,,5 years,RENT,50000,Source Verified,9/28/2021,Charged Off
1004215,137518,6000,6000, 36 months,8.90%,190.52,Wells Fargo,3 years,RENT,41000,Source Verified,4/7/2022,Fully Paid
1004079,137529,17950,17950, 60 months,11.71%,396.67,,n/a,OWN,35880,Verified,1/21/2022,Fully Paid
890697,137545,9525,9525, 60 months,17.27%,238.11,NC Forestry Association,8 years,RENT,50000,Source Verified,7/5/2022,Fully Paid
1004240,137561,12000,12000, 36 months,7.90%,375.49,Chase Bank,< 1 year,MORTGAGE,65000,Source Verified,4/20/2022,Fully Paid
1004050,137577,5000,5000, 36 months,11.71%,165.38,,n/a,MORTGAGE,70116,Verified,5/30/2022,Fully Paid
1004229,137588,14000,14000, 36 months,9.91%,451.15,Advantus Capital Management,10+ years,OWN,74700,Source Verified,9/23/2021,Fully Paid
1004227,137596,13000,13000, 36 months,15.96%,456.79,Baschnagel Bros.,< 1 year,MORTGAGE,76800,Source Verified,11/14/2021,Fully Paid
1004057,137607,30000,30000, 60 months,14.27%,702.26,Verizon Corporation,10+ years,RENT,57048,Verified,8/23/2021,Fully Paid
1003485,137618,9000,9000, 36 months,6.62%,276.34,"MacArtney Offshore, Inc.",2 years,RENT,34320,Not Verified,7/15/2021,Charged Off
1004175,137634,10000,10000, 36 months,6.62%,307.04,Harbor Freight Tools,10+ years,RENT,55000,Not Verified,7/7/2021,Charged Off
1004044,137642,15850,15850, 60 months,13.49%,364.63,1013 communications,10+ years,RENT,40000,Verified,12/11/2021,Current
928485,137658,6000,6000, 36 months,6.03%,182.62,village of solvay dpw,10+ years,MORTGAGE,54000,Not Verified,9/19/2021,Fully Paid
1004019,137669,15000,15000, 60 months,8.90%,310.65,Science Applications International Corp,7 years,MORTGAGE,96000,Source Verified,3/27/2022,Fully Paid
1004016,137685,8975,8975, 36 months,6.62%,275.57,Charleston  County Government,4 years,MORTGAGE,32500,Verified,6/2/2022,Fully Paid
1004013,137707,8000,8000, 36 months,7.90%,250.33,Enterprise Rent-A-Car,1 year,RENT,40000,Source Verified,9/4/2021,Charged Off
1004167,137715,11975,11975, 36 months,6.62%,367.68,Wells Fargo Home Mortgage,5 years,RENT,50000,Source Verified,3/12/2022,Fully Paid
1004168,137723,21000,21000, 60 months,16.77%,519.32,JAMAICA BEARINGS CO,10+ years,MORTGAGE,110256,Verified,11/1/2021,Fully Paid
1001397,137731,11000,11000, 36 months,8.90%,349.29,Avacar Financial,10+ years,MORTGAGE,144000,Verified,5/21/2022,Fully Paid
1003994,137747,15000,15000, 36 months,8.90%,476.3,Enpirion,2 years,MORTGAGE,200000,Verified,7/5/2022,Fully Paid
1003972,137758,8000,8000, 36 months,11.71%,264.61,March of Dimes,9 years,RENT,50000,Not Verified,8/4/2021,Charged Off
1003925,137766,11200,11200, 36 months,13.49%,380.03,North Attleboro Public Schools,10+ years,RENT,68000,Source Verified,6/17/2022,Fully Paid
987614,137774,3200,3200, 36 months,12.69%,107.35,Walgreens,2 years,RENT,22000,Not Verified,7/12/2021,Fully Paid
1003896,137782,8400,8400, 36 months,12.42%,280.69,Bibb County Sheriff Office,10+ years,RENT,50400,Not Verified,11/10/2021,Fully Paid
1003619,137798,2400,2400, 36 months,19.91%,89.09,onslow memorial hospital,10+ years,MORTGAGE,150000,Source Verified,7/18/2021,Charged Off
1003771,137804,7000,7000, 36 months,16.29%,247.11,Broken Sound Country club,8 years,MORTGAGE,62000,Source Verified,10/11/2021,Fully Paid
1003716,137812,6000,6000, 36 months,15.96%,210.83,societe generale,5 years,RENT,98000,Not Verified,8/23/2021,Fully Paid
1003713,137828,9600,9600, 60 months,13.49%,220.85,Hamilton Park Health Care,10+ years,RENT,68000,Verified,3/23/2022,Charged Off
1003708,137839,13000,13000, 36 months,12.42%,434.4,Promises,< 1 year,MORTGAGE,90000,Verified,11/7/2021,Fully Paid
1003704,137847,5150,5150, 60 months,10.65%,111.08,Marel,4 years,OWN,50400,Not Verified,10/25/2021,Fully Paid
1003699,137855,15000,15000, 36 months,13.49%,508.96,American General Life and Accident,4 years,MORTGAGE,120000,Source Verified,12/26/2021,Fully Paid
1003669,137863,7500,7500, 36 months,7.51%,233.34,Axa Equitable,1 year,OWN,90000,Not Verified,3/10/2022,Fully Paid
1003668,137871,15850,15850, 60 months,13.49%,364.63,department of defense,6 years,MORTGAGE,38397,Verified,8/27/2021,Charged Off
977839,137887,6000,6000, 36 months,7.90%,187.75,U.S. Federal Government,2 years,RENT,27040,Verified,8/29/2021,Fully Paid
1003645,137898,10000,10000, 36 months,7.90%,312.91,"Whole Foods Market, Inc",1 year,OWN,35000,Not Verified,4/29/2022,Fully Paid
1002746,137901,15000,15000, 60 months,20.89%,404.88,GE Capital,5 years,RENT,92000,Verified,7/10/2021,Charged Off
1003633,137917,1500,1500, 36 months,16.77%,53.31,AEROPOSTALE INC.,10+ years,RENT,60000,Source Verified,4/10/2022,Fully Paid
1002456,137928,20000,20000, 60 months,22.06%,553.07,Court Services and Offender Supervision ,5 years,MORTGAGE,79864,Verified,9/2/2021,Charged Off
1002291,137936,21000,21000, 60 months,11.71%,464.07,City of Milwaukee,10+ years,MORTGAGE,65000,Verified,9/17/2021,Fully Paid
1003567,137952,12000,12000, 36 months,11.71%,396.92,OSCO Industries  Inc.,10+ years,OWN,40008,Not Verified,10/12/2021,Fully Paid
1001407,137968,30000,30000, 60 months,14.27%,702.26,Stevenson Color,1 year,MORTGAGE,93000,Verified,11/24/2021,Fully Paid
1002603,137979,12000,12000, 36 months,16.29%,423.61,United Airlines,10+ years,MORTGAGE,62208,Source Verified,5/27/2022,Fully Paid
1003593,137995,5000,5000, 36 months,6.03%,152.18,ATLANTA TOYOTA,2 years,OWN,60000,Not Verified,7/10/2021,Fully Paid
1003594,138002,30000,30000, 36 months,10.65%,977.2,BCBSM,10+ years,RENT,97000,Verified,10/17/2021,Charged Off
1003549,138029,11250,11250, 36 months,14.27%,385.98,PS Business Management,2 years,RENT,40000,Not Verified,1/3/2022,Fully Paid
1003568,138037,12000,12000, 36 months,7.90%,375.49,,n/a,MORTGAGE,60000,Source Verified,8/11/2021,Fully Paid
1003356,138045,7800,7800, 36 months,12.69%,261.65,Morgan Stanley,< 1 year,RENT,45000,Source Verified,6/8/2022,Fully Paid
1003525,138053,30000,30000, 60 months,12.42%,673.72,Northrop Grumman Corporation,6 years,RENT,81996,Verified,11/2/2021,Fully Paid
1003513,138061,17000,17000, 36 months,8.90%,539.81,tire kingdom,5 years,MORTGAGE,60000,Verified,1/21/2022,Fully Paid
1003335,138077,14000,14000, 36 months,6.03%,426.1,Aerojet,10+ years,MORTGAGE,94800,Verified,1/26/2022,Fully Paid
1003506,138088,2500,2500, 36 months,8.90%,79.39,US Signal Company,2 years,RENT,35000,Source Verified,7/21/2021,Fully Paid
997828,138096,15000,15000, 60 months,17.27%,374.97,Quik Trip,5 years,RENT,50000,Not Verified,11/17/2021,Fully Paid
1002809,138107,24000,24000, 60 months,11.71%,530.36,Ernst & Young,6 years,RENT,95000,Verified,4/17/2022,Fully Paid
1003298,138118,9000,9000, 36 months,7.51%,280,Strayer Univeristy,1 year,MORTGAGE,55000,Source Verified,9/30/2021,Fully Paid
1002150,138126,17050,17050, 60 months,10.65%,367.74,Tile Interiors,4 years,RENT,30660,Verified,5/22/2022,Charged Off
1003451,138134,3000,3000, 60 months,10.65%,64.71,Empire Consulting Corporation,6 years,MORTGAGE,90000,Source Verified,4/5/2022,Current
1003267,138142,1925,1925, 36 months,6.03%,58.59,Colorado Mountain College,3 years,OWN,30000,Not Verified,6/2/2022,Fully Paid
1003444,138158,35000,35000, 60 months,19.91%,925.54,Roto-Rooter Services Company,10+ years,MORTGAGE,135000,Verified,9/15/2021,Fully Paid
1003229,138169,6625,6625, 60 months,14.27%,155.09,US BANK,6 years,MORTGAGE,25995,Verified,2/7/2022,Current
989598,138177,1000,1000, 36 months,7.90%,31.3,Outback Steakhouse,3 years,RENT,40000,Not Verified,8/21/2021,Fully Paid
1002710,138185,21600,21600, 60 months,13.49%,496.91,Vortex Aviation,1 year,MORTGAGE,60000,Verified,8/27/2021,Fully Paid
1002635,138193,4200,4200, 36 months,11.71%,138.92,LPL FInancial,6 years,MORTGAGE,107004,Not Verified,12/2/2021,Fully Paid
1002859,138207,12850,12850, 60 months,22.74%,360.34,Prouty Company LLC,3 years,RENT,60000,Source Verified,3/8/2022,Charged Off
1002894,138215,4800,4800, 36 months,7.51%,149.34,Alpine Home Health Agency,2 years,MORTGAGE,36000,Not Verified,5/2/2022,Fully Paid
1002888,138223,4200,4200, 36 months,9.91%,135.35,Reno iPhone iPod Repair,3 years,RENT,30000,Source Verified,5/10/2022,Fully Paid
1002790,138247,5000,5000, 36 months,6.03%,152.18,University of Utah,10+ years,MORTGAGE,148350,Verified,9/5/2021,Fully Paid
1003077,138258,16000,16000, 36 months,14.65%,551.91,,7 years,MORTGAGE,56033,Verified,1/2/2022,Fully Paid
1002880,138266,12800,12800, 60 months,12.42%,287.46,General Dynamics,< 1 year,MORTGAGE,98300,Source Verified,12/14/2021,Current
1002878,138274,19850,19850, 36 months,9.91%,639.67,IO Group,10+ years,RENT,53313,Verified,7/16/2021,Fully Paid
1002862,138282,20000,20000, 60 months,15.27%,478.64,Point Eight Power,3 years,MORTGAGE,90000,Verified,4/24/2022,Fully Paid
1001323,138298,15000,15000, 60 months,11.71%,331.48,sysco foods,6 years,MORTGAGE,45000,Verified,2/28/2022,Fully Paid
999179,138304,8000,8000, 36 months,12.69%,268.36,Kuczmarski and Associates,7 years,RENT,160000,Source Verified,8/29/2021,Fully Paid
1003045,138312,15000,15000, 36 months,7.90%,469.36,Westlake financial ,7 years,MORTGAGE,60000,Verified,1/27/2022,Fully Paid
1003040,138328,3000,3000, 36 months,13.49%,101.8,gamestop,1 year,RENT,30000,Verified,3/25/2022,Fully Paid
1003047,138339,21850,21850, 60 months,17.27%,546.21,VERIZON WIRELESS,10+ years,MORTGAGE,50000,Verified,8/30/2021,Charged Off
1003031,138347,4000,4000, 36 months,12.69%,134.18,Cisco Systems Inc.,2 years,RENT,115000,Verified,10/14/2021,Fully Paid
998240,138355,34000,34000, 60 months,12.42%,763.55,Biscuitville,4 years,OWN,85800,Verified,2/15/2022,Charged Off
1003025,138363,20000,20000, 60 months,19.91%,528.88,cisco systems,10+ years,RENT,175000,Verified,12/31/2021,Fully Paid
1002813,138371,28000,28000, 36 months,7.90%,876.13,Kaiser - Southern California Permanente ,10+ years,MORTGAGE,320000,Verified,2/1/2022,Fully Paid
999532,138387,14000,14000, 60 months,17.27%,349.98,MIAMISBURG CITY SCHOOLS,10+ years,RENT,77000,Not Verified,8/11/2021,Current
